{
  "110.0": {
    "exp+1": 2.1640050411224365,
    "exp+2": 3.021257162094116,
    "exp-1": 1.0524431467056274,
    "exp-2": 0.7772674560546875,
    "exp0": 1.49609375,
    "obs": 4.184994680067537
  },
  "120.0": {
    "exp+1": 2.540797472000122,
    "exp+2": 3.563880681991577,
    "exp-1": 1.221360206604004,
    "exp-2": 0.8983154296875,
    "exp0": 1.7421875,
    "obs": 4.166005696623466
  },
  "125.0": {
    "exp+1": 2.991497039794922,
    "exp+2": 4.183155536651611,
    "exp-1": 1.4459152221679688,
    "exp-2": 1.0634765625,
    "exp0": 2.0625,
    "obs": 4.742505482691592
  },
  "130.0": {
    "exp+1": 3.4181129932403564,
    "exp+2": 4.794458389282227,
    "exp-1": 1.6430854797363281,
    "exp-2": 1.20849609375,
    "exp0": 2.34375,
    "obs": 5.316561980156661
  },
  "140.0": {
    "exp+1": 5.013232707977295,
    "exp+2": 7.07436990737915,
    "exp-1": 2.3968505859375,
    "exp-2": 1.7724609375,
    "exp0": 3.4375,
    "obs": 7.16451544366325
  }
}
