{
  "110.0": {
    "exp+1": 3.953617572784424,
    "exp+2": 5.545590400695801,
    "exp-1": 1.8902435302734375,
    "exp-2": 1.3978271484375,
    "exp0": 2.7109375,
    "obs": 6.2991201943715875
  },
  "120.0": {
    "exp+1": 5.736100673675537,
    "exp+2": 8.235888481140137,
    "exp-1": 2.7033004760742188,
    "exp-2": 1.99090576171875,
    "exp0": 3.890625,
    "obs": 7.787301383392732
  },
  "125.0": {
    "exp+1": 6.022161960601807,
    "exp+2": 8.459830284118652,
    "exp-1": 2.887115478515625,
    "exp-2": 2.135009765625,
    "exp0": 4.140625,
    "obs": 8.3238283227877
  },
  "130.0": {
    "exp+1": 7.348659038543701,
    "exp+2": 10.490198135375977,
    "exp-1": 3.4632644653320312,
    "exp-2": 2.55059814453125,
    "exp0": 4.984375,
    "obs": 11.332580240576368
  },
  "140.0": {
    "exp+1": 11.074686050415039,
    "exp+2": 15.627925872802734,
    "exp-1": 5.29486083984375,
    "exp-2": 3.91552734375,
    "exp0": 7.59375,
    "obs": 13.133771113381977
  }
}
