{
  "110.0": {
    "exp+1": 3.9886627197265625,
    "exp+2": 5.577540874481201,
    "exp-1": 1.927886962890625,
    "exp-2": 1.41796875,
    "exp0": 2.75,
    "obs": 6.2991201943715875
  },
  "120.0": {
    "exp+1": 5.659260272979736,
    "exp+2": 8.05664348602295,
    "exp-1": 2.6815872192382812,
    "exp-2": 1.97491455078125,
    "exp0": 3.859375,
    "obs": 7.787301383392732
  },
  "125.0": {
    "exp+1": 6.05098295211792,
    "exp+2": 8.513219833374023,
    "exp-1": 2.924692153930664,
    "exp-2": 2.151123046875,
    "exp0": 4.171875,
    "obs": 8.3238283227877
  },
  "130.0": {
    "exp+1": 7.243355751037598,
    "exp+2": 10.297408103942871,
    "exp-1": 3.453643798828125,
    "exp-2": 2.553955078125,
    "exp0": 4.953125,
    "obs": 11.332580240576368
  },
  "140.0": {
    "exp+1": 11.044417381286621,
    "exp+2": 15.515008926391602,
    "exp-1": 5.29486083984375,
    "exp-2": 3.91552734375,
    "exp0": 7.59375,
    "obs": 13.133771113381977
  }
}