{
  "110.0": {
    "exp+1": 4.387645244598389,
    "exp+2": 6.246345043182373,
    "exp-1": 2.0790443420410156,
    "exp-2": 1.531158447265625,
    "exp0": 2.9921875,
    "obs": 4.268336541650287
  },
  "120.0": {
    "exp+1": 4.424278259277344,
    "exp+2": 6.43820333480835,
    "exp-1": 2.0482635498046875,
    "exp-2": 1.4959716796875,
    "exp0": 2.96875,
    "obs": 5.872528779947805
  },
  "125.0": {
    "exp+1": 6.035575866699219,
    "exp+2": 8.615774154663086,
    "exp-1": 2.834442138671875,
    "exp-2": 2.078857421875,
    "exp0": 4.09375,
    "obs": 7.121370656492117
  },
  "130.0": {
    "exp+1": 6.718739032745361,
    "exp+2": 9.826250076293945,
    "exp-1": 3.06549072265625,
    "exp-2": 2.2421875,
    "exp0": 4.484375,
    "obs": 7.522267366802797
  },
  "140.0": {
    "exp+1": 9.432575225830078,
    "exp+2": 13.627534866333008,
    "exp-1": 4.324432373046875,
    "exp-2": 3.131591796875,
    "exp0": 6.3125,
    "obs": 12.603646813403508
  }
}
