{
  "110.0": {
    "exp+1": 4.376189231872559,
    "exp+2": 6.23003625869751,
    "exp-1": 2.080902099609375,
    "exp-2": 1.538818359375,
    "exp0": 2.984375,
    "obs": 4.268336541650287
  },
  "120.0": {
    "exp+1": 4.377707004547119,
    "exp+2": 6.352640628814697,
    "exp-1": 2.03387451171875,
    "exp-2": 1.49169921875,
    "exp0": 2.9375,
    "obs": 5.872528779947805
  },
  "125.0": {
    "exp+1": 5.996283531188965,
    "exp+2": 8.523137092590332,
    "exp-1": 2.8335800170898438,
    "exp-2": 2.08685302734375,
    "exp0": 4.078125,
    "obs": 7.121370656492117
  },
  "130.0": {
    "exp+1": 6.554867267608643,
    "exp+2": 9.586585998535156,
    "exp-1": 3.0078125,
    "exp-2": 2.1875,
    "exp0": 4.375,
    "obs": 7.522267366802797
  },
  "140.0": {
    "exp+1": 9.496055603027344,
    "exp+2": 13.630227088928223,
    "exp-1": 4.4199371337890625,
    "exp-2": 3.2281494140625,
    "exp0": 6.40625,
    "obs": 12.603646813403508
  }
}