{
  "110.0": {
    "exp+1": 3.3137757778167725,
    "exp+2": 4.697007656097412,
    "exp-1": 1.5689492225646973,
    "exp-2": 1.1507103443145752,
    "exp0": 2.2660140991210938,
    "obs": 3.301960126318265
  },
  "120.0": {
    "exp+1": 4.008499622344971,
    "exp+2": 5.722126483917236,
    "exp-1": 1.882481575012207,
    "exp-2": 1.380663514137268,
    "exp0": 2.7188451290130615,
    "obs": 2.637750919545124
  },
  "125.0": {
    "exp+1": 4.413646221160889,
    "exp+2": 6.300472736358643,
    "exp-1": 2.065438985824585,
    "exp-2": 1.5085159540176392,
    "exp0": 2.9936439990997314,
    "obs": 2.7577675639363743
  },
  "130.0": {
    "exp+1": 4.846271514892578,
    "exp+2": 6.936223983764648,
    "exp-1": 2.2556960582733154,
    "exp-2": 1.6474722623825073,
    "exp0": 3.269402265548706,
    "obs": 3.2011452142358827
  },
  "140.0": {
    "exp+1": 7.437380313873291,
    "exp+2": 10.732181549072266,
    "exp-1": 3.4115302562713623,
    "exp-2": 2.495290756225586,
    "exp0": 4.990581512451172,
    "obs": 6.896208940711882
  }
}