{
  "110.0": {
    "exp+1": 3.287869691848755,
    "exp+2": 4.680681228637695,
    "exp-1": 1.5610737800598145,
    "exp-2": 1.13861083984375,
    "exp0": 2.2421875,
    "obs": 4.923530345536534
  },
  "120.0": {
    "exp+1": 4.019877910614014,
    "exp+2": 5.738368511199951,
    "exp-1": 1.8811683654785156,
    "exp-2": 1.373931884765625,
    "exp0": 2.7265625,
    "obs": 4.415583175959677
  },
  "125.0": {
    "exp+1": 4.457571983337402,
    "exp+2": 6.363176345825195,
    "exp-1": 2.0859947204589844,
    "exp-2": 1.523529052734375,
    "exp0": 3.0234375,
    "obs": 4.566318470312111
  },
  "130.0": {
    "exp+1": 5.197237014770508,
    "exp+2": 7.428875923156738,
    "exp-1": 2.4255752563476562,
    "exp-2": 1.77154541015625,
    "exp0": 3.515625,
    "obs": 4.701475168457854
  },
  "140.0": {
    "exp+1": 7.847272872924805,
    "exp+2": 11.259872436523438,
    "exp-1": 3.6201171875,
    "exp-2": 2.6328125,
    "exp0": 5.265625,
    "obs": 6.463782163797102
  }
}
