{
  "110.0": {
    "exp+1": 2.889514207839966,
    "exp+2": 4.040547847747803,
    "exp-1": 1.4014256000518799,
    "exp-2": 1.035003662109375,
    "exp0": 1.9921875,
    "obs": 4.6107035707843185
  },
  "120.0": {
    "exp+1": 3.3931808471679688,
    "exp+2": 4.809557914733887,
    "exp-1": 1.6210606098175049,
    "exp-2": 1.187347412109375,
    "exp0": 2.3203125,
    "obs": 5.562487774601902
  },
  "125.0": {
    "exp+1": 4.169965744018555,
    "exp+2": 5.8310651779174805,
    "exp-1": 2.0155181884765625,
    "exp-2": 1.482421875,
    "exp0": 2.875,
    "obs": 6.558473604590695
  },
  "130.0": {
    "exp+1": 4.775588035583496,
    "exp+2": 6.769007205963135,
    "exp-1": 2.2690353393554688,
    "exp-2": 1.67108154296875,
    "exp0": 3.265625,
    "obs": 7.714602465144735
  },
  "140.0": {
    "exp+1": 6.965243339538574,
    "exp+2": 9.857440948486328,
    "exp-1": 3.3070831298828125,
    "exp-2": 2.412109375,
    "exp0": 4.75,
    "obs": 10.65039584118712
  }
}
