{
  "110.0": {
    "exp+1": 2.8736324310302734,
    "exp+2": 4.005558013916016,
    "exp-1": 1.4014256000518799,
    "exp-2": 1.035003662109375,
    "exp0": 1.9921875,
    "obs": 4.6107035707843185
  },
  "120.0": {
    "exp+1": 3.3155696392059326,
    "exp+2": 4.6787309646606445,
    "exp-1": 1.5937929153442383,
    "exp-2": 1.1722412109375,
    "exp0": 2.2734375,
    "obs": 5.562487774601902
  },
  "125.0": {
    "exp+1": 4.113304615020752,
    "exp+2": 5.760466575622559,
    "exp-1": 2.0004663467407227,
    "exp-2": 1.4774169921875,
    "exp0": 2.84375,
    "obs": 6.558473604590695
  },
  "130.0": {
    "exp+1": 4.5802717208862305,
    "exp+2": 6.5022292137146,
    "exp-1": 2.189849853515625,
    "exp-2": 1.619384765625,
    "exp0": 3.140625,
    "obs": 7.714602465144735
  },
  "140.0": {
    "exp+1": 6.840266704559326,
    "exp+2": 9.609089851379395,
    "exp-1": 3.279327392578125,
    "exp-2": 2.425048828125,
    "exp0": 4.703125,
    "obs": 10.65039584118712
  }
}