{
  "110.0": {
    "exp+1": 3.2305898666381836,
    "exp+2": 4.5720367431640625,
    "exp-1": 1.5307846069335938,
    "exp-2": 1.12738037109375,
    "exp0": 2.203125,
    "obs": 4.923530345536534
  },
  "120.0": {
    "exp+1": 3.858621835708618,
    "exp+2": 5.508176326751709,
    "exp-1": 1.8057060241699219,
    "exp-2": 1.318817138671875,
    "exp0": 2.6171875,
    "obs": 4.415583175959677
  },
  "125.0": {
    "exp+1": 4.296382427215576,
    "exp+2": 6.141203880310059,
    "exp-1": 2.0051422119140625,
    "exp-2": 1.4644775390625,
    "exp0": 2.90625,
    "obs": 4.566318470312111
  },
  "130.0": {
    "exp+1": 4.933316707611084,
    "exp+2": 7.081069469451904,
    "exp-1": 2.2962112426757812,
    "exp-2": 1.67706298828125,
    "exp0": 3.328125,
    "obs": 4.701475168457854
  },
  "140.0": {
    "exp+1": 7.428130626678467,
    "exp+2": 10.71883487701416,
    "exp-1": 3.4267578125,
    "exp-2": 2.4921875,
    "exp0": 4.984375,
    "obs": 6.463782163797102
  }
}