{
  "110.0": {
    "exp+1": 2.1185996532440186,
    "exp+2": 2.9531173706054688,
    "exp-1": 1.033207893371582,
    "exp-2": 0.7630615234375,
    "exp0": 1.46875,
    "obs": 4.184994680067537
  },
  "120.0": {
    "exp+1": 2.4135942459106445,
    "exp+2": 3.3750460147857666,
    "exp-1": 1.1602935791015625,
    "exp-2": 0.8580322265625,
    "exp0": 1.6640625,
    "obs": 4.166005696623466
  },
  "125.0": {
    "exp+1": 2.855520009994507,
    "exp+2": 3.9930121898651123,
    "exp-1": 1.3801918029785156,
    "exp-2": 1.01513671875,
    "exp0": 1.96875,
    "obs": 4.742505482691592
  },
  "130.0": {
    "exp+1": 3.170156955718994,
    "exp+2": 4.4533820152282715,
    "exp-1": 1.5198211669921875,
    "exp-2": 1.1239013671875,
    "exp0": 2.1796875,
    "obs": 5.316561980156661
  },
  "140.0": {
    "exp+1": 4.704103946685791,
    "exp+2": 6.6082444190979,
    "exp-1": 2.2473220825195312,
    "exp-2": 1.65509033203125,
    "exp0": 3.234375,
    "obs": 7.16451544366325
  }
}