{
  "220.0": {
    "exp+1": 19.408602714538574,
    "exp+2": 28.2452392578125,
    "exp-1": 8.7217116355896,
    "exp-2": 6.32537841796875,
    "exp0": 12.8515625,
    "obs": 26.639315655315393
  },
  "240.0": {
    "exp+1": 20.09938955307007,
    "exp+2": 28.691842555999756,
    "exp-1": 9.439125061035156,
    "exp-2": 6.92291259765625,
    "exp0": 13.6328125,
    "obs": 23.50422755761221
  },
  "260.0": {
    "exp+1": 17.602444887161255,
    "exp+2": 25.193490982055664,
    "exp-1": 8.19305419921875,
    "exp-2": 5.98388671875,
    "exp0": 11.875,
    "obs": 11.434958811718376
  },
  "280.0": {
    "exp+1": 14.786404371261597,
    "exp+2": 21.336865425109863,
    "exp-1": 6.8212890625,
    "exp-2": 4.9609375,
    "exp0": 9.921875,
    "obs": 5.693845902697621
  },
  "300.0": {
    "exp+1": 12.792524099349976,
    "exp+2": 18.575937747955322,
    "exp-1": 5.8129119873046875,
    "exp-2": 4.1912841796875,
    "exp0": 8.515625,
    "obs": 4.039276514854295
  },
  "320.0": {
    "exp+1": 11.090630292892456,
    "exp+2": 16.227954626083374,
    "exp-1": 4.965682029724121,
    "exp-2": 3.5858154296875,
    "exp0": 7.34375,
    "obs": 4.704606533998555
  },
  "340.0": {
    "exp+1": 9.533512592315674,
    "exp+2": 14.1294264793396,
    "exp-1": 4.19750452041626,
    "exp-2": 3.01788330078125,
    "exp0": 6.23046875,
    "obs": 6.828164054636684
  },
  "350.0": {
    "exp+1": 8.658615946769714,
    "exp+2": 13.017491102218628,
    "exp-1": 3.721855878829956,
    "exp-2": 2.640228271484375,
    "exp0": 5.5859375,
    "obs": 6.276796671950465
  },
  "400.0": {
    "exp+1": 7.303340435028076,
    "exp+2": 10.995880365371704,
    "exp-1": 3.092193603515625,
    "exp-2": 2.197265625,
    "exp0": 4.6875,
    "obs": 4.455039903209651
  }
}